<component name="ProjectRunConfigurationManager">
  <configuration default="false" name="AllTest" type="JUnit" factoryName="JUnit" activateToolWindowBeforeRun="false">
    <shortenClasspath name="ARGS_FILE" />
    <extension name="coverage" track_test_folders="true" runner="jacoco">
      <pattern>
        <option name="PATTERN" value="*" />
        <option name="ENABLED" value="true" />
      </pattern>
    </extension>
    <option name="ALTERNATIVE_JRE_PATH_ENABLED" value="true" />
    <option name="ALTERNATIVE_JRE_PATH" value="11" />
    <option name="PACKAGE_NAME" value="" />
    <option name="MAIN_CLASS_NAME" value="" />
    <option name="METHOD_NAME" value="" />
    <option name="TEST_OBJECT" value="package" />
    <option name="TEST_SEARCH_SCOPE">
      <value defaultName="wholeProject" />
    </option>
    <method v="2">
      <option name="Make" enabled="true" />
    </method>
  </configuration>
</component>